00:00:31.859,-61,33
00:00:32.026,-80,11
00:00:32.115,-61,24
00:00:32.265,-75,15
00:00:32.354,-70,17
00:00:32.436,-62,22
00:00:32.563,-83,12
00:00:32.652,-61,26
00:00:32.831,-69,2
00:00:32.921,-60,28
00:00:33.018,-84,7
00:00:33.107,-60,22
00:00:33.197,-55,23
00:00:33.301,-57,27
00:00:33.406,-60,14
00:00:33.503,-57,16
00:00:33.614,-63,5
00:00:33.711,-53,28
00:00:33.868,-56,9
00:00:33.980,-51,26
00:00:34.099,-54,19
00:00:34.211,-61,1
00:00:34.292,-56,9
00:00:34.413,-54,32
00:00:34.555,-58,11
00:00:34.665,-62,3
00:00:34.786,-57,22
00:00:34.875,-62,14
00:00:35.032,-60,20
00:00:35.129,-67,35
00:00:35.248,-70,25
00:00:35.396,-73,31
00:00:35.547,-88,2
00:00:35.629,-72,20
00:00:35.763,-81,10
00:00:35.875,-72,28
00:00:36.001,-70,22
00:00:36.106,-87,6
00:00:36.195,-89,8
00:00:36.278,-91,6
00:00:36.382,-73,29
00:00:36.501,-76,33
00:00:36.613,-82,9
00:00:36.770,-85,6
00:00:36.867,-69,23
00:00:36.957,-75,33
00:00:37.046,-77,34
00:00:37.151,-80,10
00:00:37.240,-75,35
00:00:37.336,-82,1
00:00:37.426,-75,32
00:00:37.546,-72,20
00:00:37.657,-88,5
00:00:37.755,-84,13
00:00:37.844,-76,34
00:00:37.949,-90,7
00:00:38.046,-88,11
00:00:38.128,-75,17
00:00:38.216,-82,11
00:00:38.329,-84,2
00:00:38.441,-70,25
00:00:38.590,-82,2
00:00:38.709,-75,34
00:00:38.821,-71,20
00:00:38.918,-73,28
00:00:39.097,-82,3
00:00:39.187,-68,23
00:00:39.299,-74,31
00:00:39.411,-82,5
00:00:39.545,-89,8
00:00:39.627,-70,21
00:00:39.739,-80,2
00:00:39.821,-69,24
00:00:39.918,-74,30
00:00:40.007,-72,19
00:00:40.157,-76,36
00:00:40.276,-73,17
00:00:40.418,-82,12
00:00:40.530,-70,22
00:00:40.634,-81,14
00:00:40.739,-73,28
00:00:40.902,-90,8
00:00:40.985,-69,24
00:00:41.074,-84,9
00:00:41.186,-72,27
00:00:41.305,-74,17
00:00:41.491,-76,16
00:00:41.589,-69,23
00:00:41.671,-72,25
00:00:41.820,-85,7
00:00:41.910,-90,8
00:00:41.992,-70,24
00:00:42.074,-72,27
00:00:42.186,-74,30
00:00:42.305,-82,12
00:00:42.394,-79,2
00:00:42.499,-73,20
00:00:42.618,-75,36
00:00:42.708,-85,13
00:00:42.812,-72,21
00:00:42.902,-74,32
00:00:43.028,-82,9
00:00:43.118,-72,25
00:00:43.222,-78,0
00:00:43.342,-70,23
00:00:43.439,-74,17
00:00:43.565,-72,20
00:00:43.707,-81,4
00:00:43.827,-83,10
00:00:43.931,-70,24
00:00:44.028,-74,31
00:00:44.162,-84,12
00:00:44.251,-77,36
00:00:44.356,-71,26
00:00:44.468,-73,20
00:00:44.610,-82,9
00:00:44.722,-75,34
00:00:44.834,-86,10
00:00:44.923,-74,31
00:00:45.080,-79,15
00:00:45.177,-74,33
00:00:45.296,-78,0
00:00:45.393,-76,34
00:00:45.490,-83,4
00:00:45.587,-68,23
00:00:45.684,-82,6
00:00:45.811,-68,24
00:00:45.923,-71,29
00:00:46.034,-73,35
00:00:46.197,-69,24
00:00:46.318,-72,26
00:00:46.497,-69,24
00:00:46.587,-73,34
00:00:46.728,-70,23
00:00:46.840,-67,23
00:00:47.012,-69,30
00:00:47.154,-60,26
00:00:47.273,-68,15
00:00:47.355,-55,22
00:00:47.467,-64,14
00:00:47.557,-57,33
00:00:47.661,-53,26
00:00:47.765,-57,21
00:00:47.847,-68,36
00:00:47.929,-61,6
00:00:48.064,-55,25
00:00:48.190,-66,35
00:00:48.288,-61,7
00:00:48.385,-59,11
00:00:48.511,-63,18
00:00:48.646,-61,12
00:00:48.802,-57,24
00:00:48.891,-59,29
00:00:49.018,-62,13
00:00:49.138,-59,31
00:00:49.250,-61,0
00:00:49.377,-57,10
00:00:49.503,-68,35
00:00:49.593,-61,16
00:00:49.675,-64,34
00:00:49.764,-68,36
00:00:49.854,-61,13
00:00:50.003,-63,0
00:00:50.115,-65,18
00:00:50.197,-61,12
00:00:50.384,-66,15
00:00:50.466,-71,17
00:00:50.546,-62,20
00:00:50.652,-64,1
00:00:50.742,-58,29
00:00:50.839,-62,2
00:00:50.943,-57,28
00:00:51.047,-55,25
00:00:51.137,-75,36
00:00:51.225,-57,11
00:00:51.353,-61,14
00:00:51.585,-56,11
00:00:51.667,-59,26
00:00:51.786,-63,17
00:00:51.876,-58,32
00:00:51.980,-61,5
00:00:52.151,-59,24
00:00:52.293,-63,33
00:00:52.405,-60,27
00:00:52.509,-65,20
00:00:52.606,-62,14
00:00:52.830,-60,5
00:00:52.963,-62,32
00:00:53.077,-66,18
00:00:53.174,-61,6
00:00:53.344,-59,11
00:00:53.479,-61,6
00:00:53.778,-68,17
00:00:53.867,-57,23
00:00:53.949,-59,22
00:00:54.076,-69,19
00:00:54.181,-61,5
00:00:54.329,-64,21
00:00:54.441,-60,12
00:00:54.576,-67,34
00:00:54.673,-71,19
00:00:54.762,-58,31
00:00:54.852,-61,12
00:00:55.038,-63,33
00:00:55.142,-58,29
00:00:55.255,-60,23
00:00:55.359,-62,4
00:00:55.479,-59,32
00:00:55.576,-61,0
00:00:55.747,-57,26
00:00:55.859,-62,2
00:00:55.956,-60,11
00:00:56.105,-64,8
00:00:56.187,-61,2
00:00:56.299,-66,18
00:00:56.403,-58,23
00:00:56.507,-63,1
00:00:56.649,-61,9
00:00:56.806,-65,18
00:00:56.894,-59,28
00:00:57.067,-68,36
00:00:57.149,-63,1
00:00:57.239,-59,28
00:00:57.343,-57,31
00:00:57.448,-62,6
00:00:57.619,-58,23
00:00:57.708,-65,36
00:00:57.812,-60,24
00:00:57.925,-66,34
00:00:58.029,-60,24
00:00:58.216,-63,20
00:00:58.305,-61,33
00:00:58.470,-67,18
00:00:58.558,-65,7
00:00:58.701,-77,19
00:00:58.782,-60,32
00:00:58.947,-65,33
00:00:59.044,-61,2
00:00:59.186,-76,19
00:00:59.268,-62,0
00:00:59.393,-76,20
00:00:59.477,-63,1
00:00:59.678,-60,28
00:00:59.797,-62,4
00:00:59.924,-66,34
00:01:00.021,-62,3
00:01:00.230,-67,34
00:01:00.334,-61,12
00:01:00.527,-66,18
00:01:00.618,-76,21
00:01:00.700,-60,9
00:01:00.849,-62,7
00:01:00.961,-58,25
00:01:01.065,-62,2
00:01:01.222,-60,10
00:01:01.327,-57,25
00:01:01.416,-70,17
00:01:01.498,-62,2
00:01:01.647,-72,19
00:01:01.729,-64,1
00:01:01.871,-57,25
00:01:01.983,-62,22
00:01:02.073,-60,23
00:01:02.162,-57,26
00:01:02.289,-66,21
00:01:02.379,-64,14
00:01:02.468,-62,35
00:01:02.586,-65,21
00:01:02.699,-63,7
00:01:02.864,-68,15
00:01:02.959,-58,31
00:01:03.065,-60,24
00:01:03.169,-74,19
00:01:03.251,-66,7
00:01:03.341,-60,33
00:01:03.438,-63,6
00:01:03.594,-66,15
00:01:03.691,-64,4
00:01:03.781,-57,27
00:01:03.930,-66,21
00:01:04.012,-74,18
00:01:04.094,-55,31
00:01:04.198,-69,20
00:01:04.281,-62,5
00:01:04.430,-67,15
00:01:04.512,-62,5
00:01:04.616,-57,27
00:01:04.743,-62,6
00:01:04.861,-70,20
00:01:04.952,-63,2
00:01:05.085,-65,13
00:01:05.190,-68,15
00:01:05.280,-59,30
00:01:05.399,-70,19
00:01:05.482,-66,34
00:01:05.638,-64,12
00:01:05.750,-66,7
00:01:05.847,-64,0
00:01:05.936,-69,8
00:01:06.048,-65,21
00:01:06.168,-61,30
00:01:06.272,-67,14
00:01:06.377,-65,22
00:01:06.563,-63,10
00:01:06.690,-61,24
00:01:06.794,-63,0
00:01:06.921,-65,4
00:01:07.025,-61,27
00:01:07.115,-67,21
00:01:07.227,-62,5
00:01:07.324,-82,19
00:01:07.406,-57,32
00:01:07.510,-62,8
00:01:07.697,-55,31
00:01:07.854,-61,7
00:01:08.024,-56,22
00:01:08.114,-62,18
00:01:08.241,-59,34
00:01:08.368,-64,10
00:01:08.458,-78,18
00:01:08.540,-64,1
00:01:08.734,-62,5
00:01:08.883,-69,16
00:01:08.973,-64,26
00:01:09.062,-75,19
00:01:09.144,-67,35
00:01:09.263,-71,27
00:01:09.360,-68,6
00:01:09.480,-71,8
00:01:09.598,-68,30
00:01:09.748,-72,16
00:01:09.905,-66,34
00:01:10.017,-71,14
00:01:10.128,-77,19
00:01:10.210,-72,16
00:01:10.345,-67,32
00:01:10.472,-71,14
00:01:10.591,-74,11
00:01:10.703,-69,7
00:01:10.792,-67,34
00:01:10.904,-72,8
00:01:10.986,-79,22
00:01:11.112,-74,9
00:01:11.210,-67,31
00:01:11.329,-79,20
00:01:11.419,-67,36
00:01:11.531,-70,28
00:01:11.620,-67,35
00:01:11.755,-78,18
00:01:11.844,-67,32
00:01:11.979,-78,19
00:01:12.068,-70,27
00:01:12.195,-74,11
00:01:12.299,-68,6
00:01:12.448,-72,15
00:01:12.553,-68,2
00:01:12.680,-72,14
00:01:12.821,-69,29
00:01:12.926,-66,32
00:01:13.015,-69,1
00:01:13.157,-83,21
00:01:13.239,-73,16
00:01:13.366,-71,8
00:01:13.470,-74,9
00:01:13.552,-71,8
00:01:13.649,-67,36
00:01:13.769,-70,26
00:01:13.881,-74,17
00:01:14.007,-67,35
00:01:14.172,-76,23
00:01:14.283,-70,27
00:01:14.388,-67,35
00:01:14.545,-72,13
00:01:14.664,-70,26
00:01:14.790,-67,35
00:01:14.910,-72,15
00:01:15.007,-79,22
00:01:15.104,-67,32
00:01:15.223,-71,25
00:01:15.328,-77,18
00:01:15.410,-72,15
00:01:15.529,-68,6
00:01:15.708,-73,12
00:01:15.842,-68,30
00:01:15.946,-73,11
00:01:16.126,-69,1
00:01:16.253,-67,34
00:01:16.357,-72,15
00:01:16.439,-77,18
00:01:16.536,-67,32
00:01:16.685,-70,7
00:01:16.775,-68,4
00:01:16.962,-78,20
00:01:17.074,-72,8
00:01:17.192,-69,5
00:01:17.342,-82,21
00:01:17.424,-70,27
00:01:17.543,-68,5
00:01:17.700,-71,27
00:01:17.804,-76,18
00:01:17.916,-67,34
00:01:18.006,-73,12
00:01:18.118,-69,5
00:01:18.296,-75,24
00:01:18.379,-78,23
00:01:18.468,-67,3
00:01:18.565,-71,14
00:01:18.699,-81,22
00:01:18.789,-72,12
00:01:18.901,-69,7
00:01:19.013,-67,2
00:01:19.125,-73,11
00:01:19.244,-67,35
00:01:19.422,-73,12
00:01:19.535,-68,6
00:01:19.736,-71,8
00:01:19.863,-67,3
00:01:19.982,-80,21
00:01:20.065,-67,2
00:01:20.177,-70,28
00:01:20.274,-67,2
00:01:20.415,-72,8
00:01:20.505,-70,29
00:01:20.624,-68,30
00:01:20.773,-70,27
00:01:20.885,-67,3
00:01:21.004,-73,17
00:01:21.108,-76,18
00:01:21.191,-72,16
00:01:21.333,-69,7
00:01:21.437,-73,17
00:01:21.578,-84,21
00:01:21.669,-71,26
00:01:21.816,-74,10
00:01:21.900,-67,36
00:01:22.026,-70,27
00:01:22.138,-67,2
00:01:22.265,-70,15
00:01:22.392,-82,21
00:01:22.481,-67,34
00:01:22.593,-72,12
00:01:22.697,-68,6
00:01:22.810,-73,16
00:01:22.914,-81,20
00:01:22.996,-72,9
00:01:23.130,-66,35
00:01:23.249,-68,2
00:01:23.347,-72,9
00:01:23.481,-68,6
00:01:23.585,-73,16
00:01:23.742,-68,35
00:01:23.862,-73,15
00:01:23.987,-67,33
00:01:24.136,-70,7
00:01:24.249,-77,19
00:01:24.331,-74,10
00:01:24.413,-71,16
00:01:24.510,-69,7
00:01:24.645,-72,9
00:01:24.756,-69,27
00:01:24.861,-84,22
00:01:24.943,-67,3
00:01:25.107,-74,11
00:01:25.204,-69,26
00:01:25.316,-72,15
00:01:25.428,-70,27
00:01:25.531,-68,2
00:01:25.637,-73,13
00:01:25.778,-67,35
00:01:25.868,-73,15
00:01:25.973,-76,18
00:01:26.070,-72,9
00:01:26.174,-66,33
00:01:26.331,-72,16
00:01:26.458,-67,4
00:01:26.583,-65,32
00:01:26.681,-71,14
00:01:26.778,-69,6
00:01:26.912,-65,34
00:01:26.994,-70,25
00:01:27.106,-77,20
00:01:27.195,-72,11
00:01:27.293,-70,7
00:01:27.412,-65,35
00:01:27.494,-68,4
00:01:27.644,-73,10
00:01:27.763,-69,0
00:01:27.881,-72,14
00:01:28.001,-67,31
00:01:28.105,-72,8
00:01:28.218,-78,18
00:01:28.307,-74,23
00:01:28.403,-72,11
00:01:28.524,-70,25
00:01:28.628,-67,32
00:01:28.785,-75,23
00:01:28.881,-72,12
00:01:28.971,-84,21
00:01:29.061,-72,15
00:01:29.165,-69,6
00:01:29.292,-81,20
00:01:29.381,-79,19
00:01:29.479,-69,28
00:01:29.620,-66,34
00:01:29.725,-70,29
00:01:29.844,-73,10
00:01:29.964,-68,30
00:01:30.083,-72,14
00:01:30.194,-69,0
00:01:30.314,-71,26
00:01:30.447,-67,33
00:01:30.553,-81,23
00:01:30.642,-68,4
00:01:30.784,-81,21
00:01:30.866,-70,7
00:01:31.015,-77,18
00:01:31.105,-69,5
00:01:31.224,-78,23
00:01:31.321,-69,5
00:01:31.426,-74,8
00:01:31.530,-81,21
00:01:31.611,-69,29
00:01:31.716,-75,17
00:01:31.806,-70,0
00:01:31.955,-79,23
00:01:32.067,-67,31
00:01:32.179,-72,10
00:01:32.320,-68,30
00:01:32.425,-71,9
00:01:32.522,-73,25
00:01:32.611,-71,16
00:01:32.738,-67,2
00:01:32.850,-69,5
00:01:32.955,-86,21
00:01:33.037,-68,6
00:01:33.216,-70,7
00:01:33.313,-73,25
00:01:33.402,-70,29
00:01:33.507,-66,35
00:01:33.604,-70,27
00:01:33.746,-75,24
00:01:33.835,-68,6
00:01:33.962,-71,26
00:01:34.066,-77,18
00:01:34.156,-69,29
00:01:34.268,-72,12
00:01:34.372,-70,7
00:01:34.499,-90,22
00:01:34.581,-73,16
00:01:34.693,-87,22
00:01:34.775,-75,24
00:01:34.857,-70,29
00:01:34.969,-75,17
00:01:35.059,-70,28
00:01:35.214,-75,24
00:01:35.297,-73,16
00:01:35.424,-69,28
00:01:35.536,-66,35
00:01:35.633,-69,2
00:01:35.789,-71,1
00:01:35.894,-68,3
00:01:35.983,-72,14
00:01:36.088,-69,2
00:01:36.207,-67,36
00:01:36.349,-73,11
00:01:36.461,-68,3
00:01:36.617,-80,23
00:01:36.707,-69,29
00:01:36.819,-78,19
00:01:36.901,-71,8
00:01:37.020,-68,31
00:01:37.125,-78,18
00:01:37.222,-72,12
00:01:37.356,-66,33
00:01:37.476,-68,30
00:01:37.609,-80,20
00:01:37.699,-67,34
00:01:37.811,-74,12
00:01:37.900,-67,32
00:01:38.064,-73,15
00:01:38.169,-69,1
00:01:38.274,-75,10
00:01:38.371,-68,2
00:01:38.468,-72,15
00:01:38.585,-74,17
00:01:38.691,-69,0
00:01:38.810,-73,13
00:01:38.945,-67,33
00:01:39.124,-70,29
00:01:39.250,-74,10
00:01:39.363,-67,3
00:01:39.512,-73,25
00:01:39.630,-68,4
00:01:39.766,-85,21
00:01:39.848,-73,25
00:01:39.944,-67,36
00:01:40.041,-70,7
00:01:40.123,-78,23
00:01:40.228,-74,11
00:01:40.340,-67,33
00:01:40.437,-74,24
00:01:40.541,-67,35
00:01:40.668,-75,17
00:01:40.750,-72,14
00:01:40.847,-68,5
00:01:40.967,-71,26
00:01:41.108,-88,22
00:01:41.190,-67,3
00:01:41.316,-79,20
00:01:41.414,-70,7
00:01:41.518,-68,4
00:01:41.675,-73,17
00:01:41.787,-68,6
00:01:41.906,-78,20
00:01:41.996,-71,8
00:01:42.108,-75,17
00:01:42.190,-73,25
00:01:42.309,-71,8
00:01:42.406,-83,22
00:01:42.488,-72,14
00:01:42.630,-74,10
00:01:42.734,-67,36
00:01:42.876,-76,18
00:01:42.988,-70,27
00:01:43.077,-80,19
00:01:43.167,-75,17
00:01:43.272,-72,14
00:01:43.361,-83,21
00:01:43.443,-69,28
00:01:43.570,-80,19
00:01:43.652,-73,12
00:01:43.808,-70,27
00:01:43.905,-72,25
00:01:43.987,-74,10
00:01:44.077,-79,20
00:01:44.174,-66,35
00:01:44.278,-74,24
00:01:44.405,-84,22
00:01:44.487,-73,15
00:01:44.591,-67,36
00:01:44.674,-83,22
00:01:44.763,-68,3
00:01:44.875,-70,6
00:01:44.979,-74,9
00:01:45.069,-72,25
00:01:45.196,-79,23
00:01:45.278,-81,19
00:01:45.360,-70,28
00:01:45.472,-77,10
00:01:45.553,-71,26
00:01:45.635,-79,19
00:01:45.718,-70,0
00:01:45.815,-73,14
00:01:45.920,-83,19
00:01:46.017,-68,36
00:01:46.180,-75,11
00:01:46.292,-77,17
00:01:46.389,-68,36
00:01:46.516,-70,5
00:01:46.621,-77,18
00:01:46.710,-75,10
00:01:46.837,-79,18
00:01:46.934,-77,23
00:01:47.016,-66,34
00:01:47.112,-72,25
00:01:47.217,-68,4
00:01:47.352,-66,34
00:01:47.441,-73,13
00:01:47.553,-68,36
00:01:47.702,-66,32
00:01:47.792,-74,11
00:01:47.881,-71,7
00:01:47.978,-67,32
00:01:48.083,-80,19
00:01:48.173,-71,26
00:01:48.270,-69,29
00:01:48.411,-74,11
00:01:48.508,-70,0
00:01:48.611,-68,5
00:01:48.724,-71,7
00:01:48.836,-67,36
00:01:48.933,-78,18
00:01:49.015,-68,2
00:01:49.112,-70,26
00:01:49.217,-73,9
00:01:49.321,-70,29
00:01:49.426,-73,15
00:01:49.567,-79,19
00:01:49.657,-92,21
00:01:49.739,-71,26
00:01:49.851,-75,17
00:01:49.933,-73,16
00:01:50.060,-68,29
00:01:50.209,-73,12
00:01:50.313,-70,5
00:01:50.401,-74,24
00:01:50.522,-71,7
00:01:50.634,-67,31
00:01:50.775,-72,12
00:01:50.887,-74,24
00:01:50.984,-69,29
00:01:51.096,-66,35
00:01:51.223,-74,24
00:01:51.313,-78,18
00:01:51.401,-71,26
00:01:51.537,-74,11
00:01:51.641,-68,2
00:01:51.782,-73,13
00:01:51.886,-68,3
00:01:51.999,-71,26
00:01:52.096,-68,36
00:01:52.208,-78,23
00:01:52.290,-70,26
00:01:52.423,-67,31
00:01:52.529,-70,28
00:01:52.626,-68,4
00:01:52.738,-81,20
00:01:52.827,-68,3
00:01:52.939,-82,20
00:01:53.021,-69,5
00:01:53.125,-72,8
00:01:53.222,-68,4
00:01:53.349,-71,0
00:01:53.446,-73,25
00:01:53.543,-68,2
00:01:53.640,-66,35
00:01:53.745,-70,27
00:01:53.841,-77,23
00:01:53.946,-73,12
00:01:54.042,-78,23
00:01:54.147,-69,6
00:01:54.296,-72,12
00:01:54.401,-67,4
00:01:54.550,-77,23
00:01:54.640,-79,19
00:01:54.737,-74,10
00:01:54.826,-68,3
00:01:54.953,-70,1
00:01:55.043,-68,36
00:01:55.206,-66,33
00:01:55.303,-68,1
00:01:55.453,-66,35
00:01:55.557,-69,27
00:01:55.676,-72,13
00:01:55.766,-78,20
00:01:55.863,-69,29
00:01:56.020,-71,14
00:01:56.132,-82,21
00:01:56.214,-68,4
00:01:56.318,-71,13
00:01:56.445,-69,1
00:01:56.579,-73,17
00:01:56.698,-71,14
00:01:56.810,-66,33
00:01:56.922,-70,26
00:01:57.027,-66,35
00:01:57.124,-75,18
00:01:57.213,-67,36
00:01:57.325,-69,0
00:01:57.443,-71,26
00:01:57.549,-74,17
00:01:57.638,-67,3
00:01:57.750,-70,0
00:01:57.847,-77,23
00:01:57.929,-69,1
00:01:58.034,-66,33
00:01:58.123,-69,28
00:01:58.287,-67,31
00:01:58.414,-72,16
00:01:58.511,-74,13
00:01:58.593,-79,19
00:01:58.682,-71,10
00:01:58.809,-76,24
00:01:58.891,-67,36
00:01:59.048,-71,26
00:01:59.153,-67,33
00:01:59.324,-70,29
00:01:59.421,-67,2
00:01:59.518,-69,29
00:01:59.623,-76,19
00:01:59.734,-81,23
00:01:59.816,-71,27
00:01:59.913,-67,3
00:02:00.085,-73,11
00:02:00.197,-67,33
00:02:00.331,-73,13
00:02:00.458,-68,31
00:02:00.570,-71,27
00:02:00.667,-67,6
00:02:00.831,-69,29
00:02:00.995,-72,15
00:02:01.092,-68,31
00:02:01.196,-78,23
00:02:01.286,-80,23
00:02:01.368,-72,13
00:02:01.502,-66,32
00:02:01.644,-71,26
00:02:01.726,-67,3
00:02:01.890,-79,19
00:02:01.979,-68,30
00:02:02.099,-75,11
00:02:02.203,-86,22
00:02:02.285,-75,10
00:02:02.390,-67,32
00:02:02.494,-72,8
00:02:02.614,-67,35
00:02:02.808,-73,12
00:02:02.935,-69,29
00:02:03.046,-73,25
00:02:03.136,-67,2
00:02:03.263,-83,22
00:02:03.360,-71,26
00:02:03.464,-67,32
00:02:03.591,-81,23
00:02:03.673,-71,26
00:02:03.785,-68,5
00:02:03.942,-72,15
00:02:04.054,-68,5
00:02:04.187,-70,7
00:02:04.284,-79,20
00:02:04.374,-70,7
00:02:04.508,-79,19
00:02:04.598,-71,26
00:02:04.710,-69,1
00:02:04.807,-72,15
00:02:04.904,-80,23
00:02:04.986,-69,5
00:02:05.113,-77,19
00:02:05.195,-73,13
00:02:05.291,-70,28
00:02:05.396,-67,32
00:02:05.530,-72,14
00:02:05.635,-74,17
00:02:05.717,-72,14
00:02:05.829,-67,3
00:02:05.978,-69,1
00:02:06.097,-74,11
00:02:06.209,-80,23
00:02:06.299,-66,33
00:02:06.403,-78,20
00:02:06.485,-71,8
00:02:06.611,-67,34
00:02:06.731,-74,11
00:02:06.821,-78,19
00:02:06.918,-73,25
00:02:07.060,-69,0
00:02:07.186,-84,21
00:02:07.268,-72,16
00:02:07.372,-74,10
00:02:07.491,-76,18
00:02:07.589,-72,15
00:02:07.708,-84,22
00:02:07.790,-72,25
00:02:07.894,-74,9
00:02:07.999,-80,23
00:02:08.081,-69,6
00:02:08.201,-71,27
00:02:08.320,-74,11
00:02:08.417,-69,1
00:02:08.581,-76,24
00:02:08.685,-68,6
00:02:08.812,-66,33
00:02:08.909,-68,4
00:02:09.059,-70,28
00:02:09.163,-67,2
00:02:09.327,-70,29
00:02:09.424,-74,11
00:02:09.506,-71,26
00:02:09.618,-77,24
00:02:09.700,-68,30
00:02:09.812,-73,13
00:02:09.939,-71,27
00:02:10.073,-67,2
00:02:10.207,-79,23
00:02:10.289,-71,26
00:02:10.401,-81,21
00:02:10.483,-73,16
00:02:10.588,-71,26
00:02:10.683,-67,6
00:02:10.834,-72,15
00:02:10.946,-81,23
00:02:11.028,-66,34
00:02:11.125,-69,4
00:02:11.243,-76,24
00:02:11.334,-84,22
00:02:11.416,-71,28
00:02:11.513,-77,24
00:02:11.595,-71,8
00:02:11.692,-81,21
00:02:11.780,-67,34
00:02:11.916,-73,14
00:02:12.011,-68,36
00:02:12.147,-71,27
00:02:12.273,-68,1
00:02:12.400,-71,14
00:02:12.527,-67,2
00:02:12.669,-72,16
00:02:12.773,-78,20
00:02:12.856,-75,24
00:02:12.938,-68,6
00:02:13.131,-73,16
00:02:13.236,-79,20
00:02:13.325,-68,36
00:02:13.452,-84,22
00:02:13.534,-68,36
00:02:13.683,-80,19
00:02:13.773,-83,21
00:02:13.855,-78,20
00:02:13.937,-67,32
00:02:14.049,-75,13
00:02:14.182,-68,36
00:02:14.317,-75,13
00:02:14.414,-69,5
00:02:14.564,-75,12
00:02:14.683,-78,18
00:02:14.780,-81,21
00:02:14.869,-79,21
00:02:14.959,-68,4
00:02:15.085,-83,21
00:02:15.168,-67,2
00:02:15.265,-72,8
00:02:15.353,-69,0
00:02:15.451,-78,20
00:02:15.533,-67,4
00:02:15.638,-80,22
00:02:15.735,-70,26
00:02:15.847,-73,9
00:02:15.944,-71,26
00:02:16.026,-68,36
00:02:16.129,-71,7
00:02:16.235,-68,36
00:02:16.362,-74,12
00:02:16.481,-68,31
00:02:16.600,-76,17
00:02:16.704,-71,26
00:02:16.816,-69,30
00:02:16.979,-75,12
00:02:17.085,-70,28
00:02:17.189,-72,25
00:02:17.271,-67,35
00:02:17.391,-70,7
00:02:17.488,-73,13
00:02:17.577,-67,2
00:02:17.734,-70,29
00:02:17.846,-79,22
00:02:17.950,-72,14
00:02:18.047,-77,23
00:02:18.129,-81,22
00:02:18.211,-74,12
00:02:18.301,-77,23
00:02:18.404,-70,26
00:02:18.510,-74,11
00:02:18.606,-67,31
00:02:18.703,-78,18
00:02:18.785,-80,20
00:02:18.882,-69,0
00:02:18.987,-73,15
00:02:19.113,-75,11
00:02:19.211,-77,23
00:02:19.308,-69,29
00:02:19.465,-74,10
00:02:19.591,-67,31
00:02:19.711,-69,28
00:02:19.822,-67,4
00:02:19.903,-69,1
00:02:20.039,-80,22
00:02:20.121,-66,33
00:02:20.218,-74,10
00:02:20.345,-69,7
00:02:20.500,-76,17
00:02:20.589,-67,3
00:02:20.725,-77,18
00:02:20.822,-66,33
00:02:20.911,-73,14
00:02:21.001,-78,20
00:02:21.098,-74,9
00:02:21.195,-69,0
00:02:21.329,-78,23
00:02:21.411,-81,22
00:02:21.501,-73,14
00:02:21.620,-68,4
00:02:21.747,-66,33
00:02:21.859,-71,26
00:02:21.971,-73,14
00:02:22.075,-67,31
00:02:22.187,-77,23
00:02:22.291,-73,12
00:02:22.402,-66,35
00:02:22.500,-68,30
00:02:22.627,-72,8
00:02:22.717,-69,5
00:02:22.829,-77,20
00:02:22.926,-68,36
00:02:23.045,-77,23
00:02:23.135,-67,31
00:02:23.283,-73,9
00:02:23.380,-69,0
00:02:23.530,-74,24
00:02:23.649,-67,35
00:02:23.798,-72,8
00:02:23.895,-77,23
00:02:23.991,-72,14
00:02:24.082,-78,19
00:02:24.171,-73,16
00:02:24.283,-77,17
00:02:24.379,-74,9
00:02:24.514,-67,36
00:02:24.634,-74,13
00:02:24.738,-67,32
00:02:24.872,-69,0
00:02:24.984,-78,23
00:02:25.074,-74,11
00:02:25.208,-67,2
00:02:25.372,-74,12
00:02:25.490,-71,26
00:02:25.603,-77,23
00:02:25.685,-75,11
00:02:25.782,-73,15
00:02:25.924,-67,32
00:02:26.028,-74,24
00:02:26.125,-66,35
00:02:26.230,-68,6
00:02:26.409,-74,16
00:02:26.528,-67,31
00:02:26.640,-77,19
00:02:26.760,-69,5
00:02:26.901,-73,10
00:02:26.998,-70,26
00:02:27.110,-68,6
00:02:27.192,-73,14
00:02:27.371,-68,30
00:02:27.461,-72,8
00:02:27.572,-67,31
00:02:27.692,-72,16
00:02:27.819,-69,0
00:02:27.975,-73,14
00:02:28.095,-69,0
00:02:28.207,-79,19
00:02:28.288,-77,19
00:02:28.378,-74,11
00:02:28.467,-72,13
00:02:28.617,-68,1
00:02:28.759,-74,18
00:02:28.841,-66,4
00:02:28.945,-68,5
00:02:29.065,-70,27
00:02:29.147,-73,25
00:02:29.251,-71,8
00:02:29.363,-67,4
00:02:29.489,-73,25
00:02:29.579,-69,5
00:02:29.661,-73,9
00:02:29.788,-70,27
00:02:29.892,-73,9
00:02:30.086,-67,34
00:02:30.221,-76,19
00:02:30.318,-69,29
00:02:30.437,-75,18
00:02:30.533,-68,6
00:02:30.689,-66,3
00:02:30.810,-71,8
00:02:30.937,-78,20
00:02:31.026,-74,17
00:02:31.138,-69,7
00:02:31.258,-67,34
00:02:31.384,-84,22
00:02:31.474,-71,26
00:02:31.631,-73,25
00:02:31.743,-77,19
00:02:31.825,-68,30
00:02:31.952,-75,17
00:02:32.048,-78,20
00:02:32.145,-68,4
00:02:32.287,-84,21
00:02:32.376,-67,31
00:02:32.481,-74,11
00:02:32.593,-68,2
00:02:32.765,-77,19
00:02:32.846,-79,23
00:02:32.936,-71,14
00:02:33.033,-76,18
00:02:33.122,-74,10
00:02:33.219,-68,4
00:02:33.338,-74,25
00:02:33.436,-69,7
00:02:33.562,-67,3
00:02:33.682,-69,0
00:02:33.792,-73,25
00:02:33.883,-84,22
00:02:33.965,-87,22
00:02:34.047,-67,34
00:02:34.189,-80,23
00:02:34.271,-70,27
00:02:34.375,-77,20
00:02:34.472,-67,33
00:02:34.561,-70,7
00:02:34.674,-68,4
00:02:34.786,-72,14
00:02:34.896,-68,31
00:02:35.025,-71,28
00:02:35.135,-74,11
00:02:35.226,-67,36
00:02:35.353,-77,19
00:02:35.450,-67,3
00:02:35.584,-75,17
00:02:35.681,-68,30
00:02:35.808,-81,23
00:02:35.890,-83,21
00:02:35.979,-71,15
00:02:36.084,-67,34
00:02:36.217,-70,28
00:02:36.315,-66,34
00:02:36.404,-80,23
00:02:36.501,-72,15
00:02:36.597,-67,33
00:02:36.754,-73,9
00:02:36.897,-79,19
00:02:37.001,-73,11
00:02:37.121,-67,33
00:02:37.240,-72,14
00:02:37.367,-70,29
00:02:37.486,-73,9
00:02:37.583,-70,8
00:02:37.687,-76,18
00:02:37.784,-67,33
00:02:37.941,-70,28
00:02:38.038,-67,32
00:02:38.128,-69,29
00:02:38.240,-71,27
00:02:38.322,-66,35
00:02:38.419,-68,36
00:02:38.590,-79,24
00:02:38.672,-67,4
00:02:38.783,-74,12
00:02:38.873,-69,7
00:02:38.985,-67,36
00:02:39.150,-76,20
00:02:39.239,-80,22
00:02:39.351,-73,9
00:02:39.456,-82,22
00:02:39.560,-72,16
00:02:39.671,-67,3
00:02:39.783,-72,14
00:02:39.894,-70,8
00:02:40.007,-73,16
00:02:40.112,-68,32
00:02:40.283,-74,10
00:02:40.373,-67,5
00:02:40.530,-75,17
00:02:40.627,-68,0
00:02:40.716,-82,22
00:02:40.798,-77,24
00:02:40.887,-68,5
00:02:40.992,-77,24
00:02:41.089,-68,34
00:02:41.216,-74,17
00:02:41.320,-68,0
00:02:41.440,-66,4
00:02:41.520,-73,13
00:02:41.611,-67,2
00:02:41.752,-84,22
00:02:41.843,-77,19
00:02:41.932,-73,13
00:02:42.081,-70,30
00:02:42.178,-74,10
00:02:42.260,-77,20
00:02:42.342,-69,0
00:02:42.447,-72,15
00:02:42.573,-74,12
00:02:42.685,-78,24
00:02:42.766,-68,2
00:02:42.924,-71,8
00:02:43.014,-67,35
00:02:43.133,-75,11
00:02:43.230,-70,8
00:02:43.342,-77,19
00:02:43.431,-67,33
00:02:43.543,-70,29
00:02:43.648,-76,19
00:02:43.752,-68,6
00:02:43.886,-71,29
00:02:44.021,-79,23
00:02:44.110,-68,31
00:02:44.260,-73,10
00:02:44.364,-78,23
00:02:44.461,-74,12
00:02:44.587,-67,34
00:02:44.707,-73,25
00:02:44.811,-69,7
00:02:44.893,-80,23
00:02:44.983,-71,27
00:02:45.087,-67,35
00:02:45.214,-72,13
00:02:45.304,-67,34
00:02:45.445,-73,25
00:02:45.557,-68,30
00:02:45.699,-72,8
00:02:45.795,-78,23
00:02:45.885,-69,7
00:02:46.035,-74,18
00:02:46.139,-67,4
00:02:46.251,-71,8
00:02:46.348,-76,24
00:02:46.460,-79,22
00:02:46.557,-74,25
00:02:46.654,-70,7
00:02:46.751,-67,31
00:02:46.863,-74,17
00:02:46.952,-71,8
00:02:47.064,-78,21
00:02:47.168,-66,4
00:02:47.303,-75,11
00:02:47.391,-68,6
00:02:47.601,-78,23
00:02:47.698,-80,21
00:02:47.795,-67,3
00:02:47.944,-72,14
00:02:48.049,-74,10
00:02:48.138,-71,28
00:02:48.243,-74,24
00:02:48.407,-69,7
00:02:48.563,-72,8
00:02:48.646,-69,28
00:02:48.758,-75,11
00:02:48.877,-68,31
00:02:49.011,-72,16
00:02:49.108,-79,20
00:02:49.190,-73,15
00:02:49.287,-67,31
00:02:49.444,-83,21
00:02:49.526,-87,21
00:02:49.615,-70,0
00:02:49.757,-74,25
00:02:49.847,-66,36
00:02:49.951,-82,20
00:02:50.041,-69,29
00:02:50.153,-66,34
00:02:50.271,-73,9
00:02:50.398,-71,8
00:02:50.525,-67,30
00:02:50.697,-71,8
00:02:50.839,-67,33
00:02:50.988,-73,11
00:02:51.145,-67,2
00:02:51.278,-74,17
00:02:51.361,-72,12
00:02:51.465,-66,33
00:02:51.622,-72,15
00:02:51.749,-70,27
00:02:51.853,-73,25
00:02:51.958,-68,6
00:02:52.092,-76,19
00:02:52.181,-68,3
00:02:52.293,-82,21
00:02:52.398,-66,36
00:02:52.495,-73,12
00:02:52.584,-67,32
00:02:52.681,-70,0
00:02:52.793,-74,17
00:02:52.890,-70,0
00:02:52.979,-68,31
00:02:53.121,-77,20
00:02:53.217,-71,27
00:02:53.353,-73,10
00:02:53.471,-68,30
00:02:53.591,-80,23
00:02:53.672,-72,9
00:02:53.785,-69,2
00:02:53.882,-71,27
00:02:54.024,-68,31
00:02:54.121,-71,8
00:02:54.248,-68,6
00:02:54.352,-66,35
00:02:54.440,-69,2
00:02:54.554,-85,22
00:02:54.643,-68,5
00:02:54.740,-74,17
00:02:54.844,-69,0
00:02:54.941,-66,34
00:02:55.031,-75,24
00:02:55.128,-68,3
00:02:55.262,-71,16
00:02:55.404,-89,22
00:02:55.486,-71,27
00:02:55.605,-73,17
00:02:55.693,-71,15
00:02:55.807,-81,23
00:02:55.888,-68,2
00:02:56.007,-72,12
00:02:56.142,-66,33
00:02:56.246,-68,6
00:02:56.381,-77,18
00:02:56.478,-73,25
00:02:56.575,-66,33
00:02:56.679,-72,9
00:02:56.821,-69,7
00:02:56.911,-78,19
00:02:56.993,-68,30
00:02:57.104,-71,28
00:02:57.246,-81,23
00:02:57.328,-72,11
00:02:57.433,-69,1
00:02:57.552,-75,24
00:02:57.642,-68,30
00:02:57.783,-72,13
00:02:57.910,-68,5
00:02:58.045,-72,10
00:02:58.170,-68,31
00:02:58.268,-78,19
00:02:58.351,-80,20
00:02:58.440,-69,1
00:02:58.552,-66,34
00:02:58.649,-72,11
00:02:58.805,-70,8
00:02:58.940,-67,31
00:02:59.059,-83,21
00:02:59.149,-67,3
00:02:59.268,-72,10
00:02:59.410,-70,27
00:02:59.573,-66,35
00:02:59.670,-71,14
00:02:59.782,-67,31
00:02:59.908,-71,14
00:03:00.036,-66,4
00:03:00.170,-68,3
00:03:00.297,-66,33
00:03:00.409,-76,24
00:03:00.499,-95,22
00:03:00.580,-69,0
00:03:00.715,-67,32
00:03:00.857,-72,10
00:03:00.954,-70,26
00:03:01.103,-80,23
00:03:01.200,-66,35
00:03:01.319,-73,17
00:03:01.460,-68,6
00:03:01.617,-75,18
00:03:01.699,-73,25
00:03:01.810,-68,4
00:03:01.953,-71,26
00:03:02.050,-69,7
00:03:02.184,-72,11
00:03:02.304,-78,19
00:03:02.393,-66,35
00:03:02.490,-68,1
00:03:02.594,-72,10
00:03:02.684,-67,31
00:03:02.803,-72,16
00:03:02.960,-68,31
00:03:03.042,-80,20
00:03:03.124,-68,6
00:03:03.221,-73,13
00:03:03.341,-69,1
00:03:03.453,-72,13
00:03:03.579,-66,33
00:03:03.675,-72,16
00:03:03.810,-70,28
00:03:03.922,-67,32
00:03:04.063,-72,13
00:03:04.161,-80,23
00:03:04.243,-67,2
00:03:04.362,-79,20
00:03:04.445,-73,12
00:03:04.541,-69,0
00:03:04.639,-67,2
00:03:04.788,-72,13
00:03:04.900,-68,4
00:03:04.981,-72,13
00:03:05.116,-68,2
00:03:05.220,-71,26
00:03:05.340,-69,7
00:03:05.452,-71,26
00:03:05.578,-73,14
00:03:05.682,-70,0
00:03:05.787,-73,14
00:03:05.944,-68,36
00:03:06.041,-86,22
00:03:06.123,-71,8
00:03:06.272,-69,1
00:03:06.414,-75,24
00:03:06.503,-86,22
00:03:06.585,-66,35
00:03:06.674,-88,21
00:03:06.771,-68,0
00:03:06.905,-65,35
00:03:07.010,-70,27
00:03:07.145,-82,23
00:03:07.234,-72,11
00:03:07.354,-70,29
00:03:07.465,-67,31
00:03:07.570,-71,28
00:03:07.659,-66,36
00:03:07.742,-71,13
00:03:07.868,-69,6
00:03:07.965,-71,14
00:03:08.077,-67,32
00:03:08.189,-77,19
00:03:08.271,-79,23
00:03:08.360,-67,32
00:03:08.480,-72,15
00:03:08.629,-74,17
00:03:08.741,-80,20
00:03:08.846,-73,10
00:03:08.943,-69,29
00:03:09.054,-73,10
00:03:09.151,-70,0
00:03:09.263,-67,35
00:03:09.344,-71,26
00:03:09.435,-73,9
00:03:09.576,-87,21
00:03:09.666,-73,14
00:03:09.763,-66,34
00:03:09.853,-74,17
00:03:09.964,-70,1
00:03:10.076,-74,17
00:03:10.210,-67,35
00:03:10.315,-72,12
00:03:10.434,-69,2
00:03:10.583,-84,21
00:03:10.695,-72,15
00:03:10.837,-68,3
00:03:10.942,-80,20
00:03:11.031,-67,32
00:03:11.143,-73,25
00:03:11.270,-71,15
00:03:11.389,-68,3
00:03:11.486,-73,25
00:03:11.598,-69,2
00:03:11.725,-78,19
00:03:11.822,-67,33
00:03:11.986,-77,19
00:03:12.075,-71,27
00:03:12.210,-74,17
00:03:12.299,-72,10
00:03:12.432,-66,33
00:03:12.538,-72,9
00:03:12.657,-69,30
00:03:12.769,-78,20
00:03:12.851,-74,25
00:03:12.941,-69,0
00:03:13.030,-71,15
00:03:13.134,-67,3
00:03:13.291,-74,17
00:03:13.372,-70,29
00:03:13.508,-67,31
00:03:13.664,-71,14
00:03:13.821,-66,35
00:03:13.910,-72,15
00:03:14.022,-66,34
00:03:14.119,-72,9
00:03:14.239,-79,20
00:03:14.336,-68,3
00:03:14.462,-66,34
00:03:14.566,-71,28
00:03:14.701,-66,33
00:03:14.805,-68,31
00:03:14.933,-86,21
00:03:15.022,-71,27
00:03:15.134,-76,18
00:03:15.231,-73,11
00:03:15.357,-80,20
00:03:15.440,-72,14
00:03:15.581,-88,22
00:03:15.663,-69,6
00:03:15.775,-67,34
00:03:15.887,-69,1
00:03:15.992,-73,9
00:03:16.089,-71,14
00:03:16.246,-69,5
00:03:16.410,-73,11
00:03:16.522,-78,19
00:03:16.604,-68,31
00:03:16.731,-75,24
00:03:16.812,-73,25
00:03:16.947,-66,34
00:03:17.058,-80,20
00:03:17.148,-72,14
00:03:17.267,-78,19
00:03:17.357,-68,4
00:03:17.506,-72,12
00:03:17.626,-70,0
00:03:17.760,-72,15
00:03:17.864,-67,33
00:03:17.961,-69,30
00:03:18.065,-72,14
00:03:18.199,-74,25
00:03:18.304,-69,7
00:03:18.394,-71,28
00:03:18.521,-73,16
00:03:18.610,-76,18
00:03:18.700,-88,22
00:03:18.782,-81,23
00:03:18.871,-72,11
00:03:18.976,-78,19
00:03:19.064,-67,36
00:03:19.169,-73,13
00:03:19.281,-71,28
00:03:19.378,-67,35
00:03:19.475,-69,0
00:03:19.593,-71,26
00:03:19.699,-66,34
00:03:19.781,-71,28
00:03:19.923,-69,7
00:03:20.064,-72,12
00:03:20.169,-68,30
00:03:20.296,-72,27
00:03:20.400,-88,22
00:03:20.482,-68,6
00:03:20.615,-85,21
00:03:20.699,-67,35
00:03:20.826,-71,27
00:03:20.938,-73,11
00:03:21.042,-81,23
00:03:21.124,-70,1
00:03:21.227,-68,31
00:03:21.362,-72,15
00:03:21.482,-67,34
00:03:21.579,-73,13
00:03:21.661,-78,19
00:03:21.743,-73,25
00:03:21.848,-69,1
00:03:21.974,-67,36
00:03:22.101,-89,22
00:03:22.190,-70,29
00:03:22.317,-80,23
00:03:22.407,-68,6
00:03:22.489,-73,11
00:03:22.601,-69,1
00:03:22.765,-67,34
00:03:22.907,-72,26
00:03:23.041,-66,34
00:03:23.183,-71,8
00:03:23.331,-77,18
00:03:23.429,-71,9
00:03:23.533,-80,20
00:03:23.623,-72,11
00:03:23.720,-68,3
00:03:23.817,-72,9
00:03:23.936,-67,31
00:03:24.063,-79,20
00:03:24.153,-69,7
00:03:24.235,-80,20
00:03:24.324,-67,31
00:03:24.435,-71,26
00:03:24.585,-76,24
00:03:24.674,-69,7
00:03:24.786,-81,23
00:03:24.876,-66,33
00:03:24.958,-72,12
00:03:25.100,-76,18
00:03:25.182,-70,29
00:03:25.301,-72,13
00:03:25.443,-82,23
00:03:25.533,-66,36
00:03:25.644,-71,14
00:03:25.756,-79,20
00:03:25.838,-92,22
00:03:25.920,-66,35
00:03:26.017,-81,23
00:03:26.122,-68,2
00:03:26.218,-72,11
00:03:26.323,-75,24
00:03:26.420,-68,2
00:03:26.540,-72,14
00:03:26.652,-68,4
00:03:26.785,-72,11
00:03:26.904,-70,1
00:03:27.024,-92,22
00:03:27.106,-75,18
00:03:27.188,-70,7
00:03:27.315,-84,21
00:03:27.397,-66,36
00:03:27.494,-68,30
00:03:27.598,-71,26
00:03:27.718,-77,19
00:03:27.800,-70,0
00:03:27.964,-78,19
00:03:28.054,-72,16
00:03:28.165,-83,21
00:03:28.248,-79,20
00:03:28.337,-71,27
00:03:28.419,-69,7
00:03:28.554,-79,20
00:03:28.643,-72,16
00:03:28.761,-69,4
00:03:28.867,-73,16
00:03:29.016,-78,19
00:03:29.098,-69,1
00:03:29.195,-80,20
00:03:29.277,-66,35
00:03:29.389,-71,8
00:03:29.508,-67,32
00:03:29.635,-71,28
00:03:29.768,-69,3
00:03:29.852,-76,18
00:03:29.949,-69,30
00:03:30.038,-76,18
00:03:30.135,-71,1
00:03:30.269,-78,19
00:03:30.352,-70,0
00:03:30.486,-72,13
00:03:30.612,-69,5
00:03:30.724,-71,0
00:03:30.888,-67,33
00:03:30.985,-70,1
00:03:31.097,-85,21
00:03:31.187,-71,1
00:03:31.320,-66,34
00:03:31.411,-72,12
00:03:31.530,-66,35
00:03:31.626,-74,17
00:03:31.709,-85,21
00:03:31.791,-66,34
00:03:31.888,-72,13
00:03:32.015,-69,2
00:03:32.119,-81,23
00:03:32.201,-76,24
00:03:32.283,-68,4
00:03:32.395,-70,1
00:03:32.545,-75,24
00:03:32.633,-73,9
00:03:32.768,-79,19
00:03:32.865,-77,24
00:03:32.954,-72,27
00:03:33.126,-74,25
00:03:33.223,-70,1
00:03:33.343,-84,21
00:03:33.432,-71,28
00:03:33.558,-66,35
00:03:33.655,-73,9
00:03:33.760,-70,5
00:03:33.857,-72,15
00:03:34.029,-74,25
00:03:34.111,-72,26
00:03:34.238,-76,24
00:03:34.320,-72,11
00:03:34.461,-70,1
00:03:34.603,-68,31
00:03:34.699,-81,23
00:03:34.789,-71,7
00:03:34.976,-69,30
00:03:35.088,-72,15
00:03:35.230,-67,36
00:03:35.333,-72,13
00:03:35.506,-66,35
00:03:35.610,-72,12
00:03:35.766,-66,34
00:03:35.863,-70,7
00:03:35.990,-67,35
00:03:36.087,-74,25
00:03:36.169,-69,30
00:03:36.281,-84,21
00:03:36.363,-72,12
00:03:36.535,-69,6
00:03:36.632,-72,12
00:03:36.774,-84,21
00:03:36.856,-72,8
00:03:37.035,-66,34
00:03:37.132,-72,13
00:03:37.258,-76,24
00:03:37.341,-70,5
00:03:37.467,-72,11
00:03:37.632,-97,22
00:03:37.714,-70,29
00:03:37.833,-68,31
00:03:37.975,-76,24
00:03:38.056,-71,14
00:03:38.183,-73,17
00:03:38.318,-68,31
00:03:38.421,-77,19
00:03:38.504,-71,28
00:03:38.624,-81,20
00:03:38.713,-76,24
00:03:38.803,-86,21
00:03:38.883,-67,32
00:03:38.974,-71,29
00:03:39.101,-73,10
00:03:39.205,-71,28
00:03:39.332,-73,10
00:03:39.452,-67,34
00:03:39.578,-72,27
00:03:39.735,-70,1
00:03:39.884,-80,20
00:03:39.965,-72,11
00:03:40.093,-70,6
00:03:40.211,-68,3
00:03:40.317,-81,23
00:03:40.399,-72,11
00:03:40.511,-82,20
00:03:40.593,-66,33
00:03:40.674,-73,12
00:03:40.764,-77,18
00:03:40.847,-73,17
00:03:40.988,-66,35
00:03:41.100,-70,0
00:03:41.190,-67,32
00:03:41.294,-69,30
00:03:41.429,-74,25
00:03:41.562,-71,0
00:03:41.712,-74,25
00:03:41.816,-72,26
00:03:41.928,-77,18
00:03:42.010,-72,15
00:03:42.167,-66,34
00:03:42.256,-68,4
00:03:42.376,-73,16
00:03:42.562,-70,7
00:03:42.674,-68,31
00:03:42.778,-86,21
00:03:42.860,-71,0
00:03:42.972,-66,35
00:03:43.084,-70,7
00:03:43.262,-85,21
00:03:43.353,-73,13
00:03:43.493,-77,18
00:03:43.577,-70,6
00:03:43.688,-68,4
00:03:43.770,-74,17
00:03:43.881,-67,33
00:03:43.979,-69,2
00:03:44.105,-72,16
00:03:44.211,-68,36
00:03:44.323,-71,28
00:03:44.493,-66,34
00:03:44.582,-69,6
00:03:44.688,-71,29
00:03:44.837,-73,10
00:03:44.927,-81,23
00:03:45.024,-79,19
00:03:45.106,-72,9
00:03:45.255,-69,6
00:03:45.352,-71,27
00:03:45.553,-78,19
00:03:45.643,-69,2
00:03:45.769,-66,35
00:03:45.866,-72,12
00:03:46.016,-76,18
00:03:46.105,-73,8
00:03:46.210,-67,36
00:03:46.307,-77,24
00:03:46.395,-67,32
00:03:46.486,-71,0
00:03:46.635,-75,25
00:03:46.747,-77,18
00:03:46.859,-82,23
00:03:46.956,-66,34
00:03:47.052,-69,3
00:03:47.150,-75,17
00:03:47.269,-73,13
00:03:47.366,-70,6
00:03:47.470,-73,10
00:03:47.620,-71,7
00:03:47.724,-69,4
00:03:47.829,-87,21
00:03:47.918,-72,16
00:03:48.015,-69,2
00:03:48.135,-66,35
00:03:48.232,-71,1
00:03:48.320,-67,33
00:03:48.403,-69,3
00:03:48.537,-67,32
00:03:48.642,-71,1
00:03:48.761,-78,18
00:03:48.850,-72,14
00:03:49.059,-74,10
00:03:49.194,-77,24
00:03:49.276,-73,10
00:03:49.425,-71,29
00:03:49.574,-67,36
00:03:49.663,-78,18
00:03:49.753,-72,15
00:03:49.865,-74,13
00:03:49.954,-67,36
00:03:50.044,-69,2
00:03:50.163,-72,27
00:03:50.305,-67,34
00:03:50.387,-72,27
00:03:50.551,-68,36
00:03:50.684,-86,21
00:03:50.782,-71,1
00:03:50.879,-74,25
00:03:50.976,-72,28
00:03:51.081,-74,11
00:03:51.230,-69,6
00:03:51.334,-73,16
00:03:51.461,-69,6
00:03:51.596,-73,26
00:03:51.715,-81,20
00:03:51.820,-72,26
00:03:51.953,-74,9
00:03:52.058,-72,27
00:03:52.155,-67,32
00:03:52.267,-79,18
00:03:52.356,-71,5
00:03:52.476,-86,21
00:03:52.558,-84,21
00:03:52.654,-81,19
00:03:52.744,-79,18
00:03:52.840,-76,24
00:03:52.931,-89,22
00:03:53.013,-72,14
00:03:53.102,-70,1
00:03:53.222,-66,34
00:03:53.311,-71,26
00:03:53.423,-69,29
00:03:53.520,-71,8
00:03:53.616,-68,6
00:03:53.729,-71,13
00:03:53.834,-68,6
00:03:54.005,-70,26
00:03:54.154,-73,25
00:03:54.325,-78,22
00:03:54.430,-73,21
00:03:54.691,-71,15
00:03:54.803,-80,24
00:03:54.893,-73,34
00:03:54.997,-75,3
00:03:55.101,-70,20
00:03:55.206,-63,27
00:03:55.288,-55,33
00:03:55.415,-57,11
00:03:55.519,-62,30
00:03:55.631,-67,17
00:03:55.736,-62,31
00:03:55.848,-72,20
00:03:55.930,-67,22
00:03:56.019,-54,32
00:03:56.137,-65,14
00:03:56.273,-69,9
00:03:56.369,-55,25
00:03:56.511,-62,21
00:03:56.616,-70,0
00:03:56.713,-56,30
00:03:56.825,-66,12
00:03:56.907,-57,27
00:03:57.041,-68,10
00:03:57.131,-70,15
00:03:57.228,-66,13
00:03:57.325,-70,14
00:03:57.458,-73,17
00:03:57.548,-66,21
00:03:57.659,-61,24
00:03:57.741,-78,17
00:03:57.824,-56,26
00:03:57.921,-54,34
00:03:58.033,-69,17
00:03:58.122,-54,31
00:03:58.227,-76,16
00:03:58.324,-64,13
00:03:58.406,-68,9
00:03:58.488,-63,22
00:03:58.584,-69,0
00:03:58.674,-57,11
00:03:58.779,-66,1
00:03:58.890,-63,19
00:03:58.973,-58,13
00:03:59.130,-56,20
00:03:59.294,-63,8
00:03:59.413,-76,15
00:03:59.525,-72,10
00:03:59.615,-65,6
00:03:59.711,-70,14
00:03:59.801,-60,10
00:03:59.980,-62,17
00:04:00.084,-65,15
00:04:00.174,-63,12
00:04:00.278,-56,28
00:04:00.390,-69,7
00:04:00.501,-60,33
00:04:00.637,-87,28
00:04:00.719,-57,6
00:04:00.816,-55,26
00:04:00.935,-61,9
00:04:01.136,-59,14
00:04:01.285,-61,20
00:04:01.472,-59,14
00:04:01.733,-61,17
00:04:01.845,-59,28
00:04:02.016,-61,15
00:04:02.136,-57,26
00:04:02.240,-54,35
00:04:02.345,-61,7
00:04:02.464,-57,20
00:04:02.553,-78,11
00:04:02.643,-66,18
00:04:02.733,-60,1
00:04:02.852,-58,3
00:04:02.956,-64,15
00:04:03.076,-60,6
00:04:03.195,-65,15
00:04:03.277,-57,36
00:04:03.381,-61,17
00:04:03.508,-54,29
00:04:03.650,-57,22
00:04:03.754,-62,15
00:04:03.866,-65,12
00:04:03.963,-58,19
00:04:04.059,-55,22
00:04:04.172,-52,33
00:04:04.261,-62,1
00:04:04.366,-64,35
00:04:04.447,-58,33
00:04:04.567,-64,33
00:04:04.672,-57,26
00:04:04.768,-64,14
00:04:04.866,-61,2
00:04:05.090,-73,19
00:04:05.171,-65,24
00:04:05.283,-68,16
00:04:05.447,-72,7
00:04:05.642,-70,35
00:04:05.753,-77,2
00:04:05.843,-74,22
00:04:06.030,-70,31
00:04:06.119,-73,19
00:04:06.239,-75,8
00:04:06.334,-70,33
00:04:06.433,-75,2
00:04:06.626,-73,18
00:04:06.760,-76,9
00:04:06.917,-74,19
00:04:07.104,-85,0
00:04:07.208,-70,33
00:04:07.335,-74,7
00:04:07.492,-69,35
00:04:07.588,-74,27
00:04:07.752,-69,35
00:04:07.835,-73,28
00:04:07.976,-75,22
00:04:08.163,-78,1
00:04:08.245,-73,31
00:04:08.394,-79,1
00:04:08.490,-75,8
00:04:08.655,-77,1
00:04:08.752,-69,36
00:04:08.835,-72,19
